{
    "mateDatas": [
        {
            "name": "abirdlikefish",
            "color": {
                "r": 1.0,
                "g": 0.0,
                "b": 0.0,
                "a": 1.0
            },
            "winCount": 3
        },
        {
            "name": "Deli_",
            "color": {
                "r": 0.4100850820541382,
                "g": 0.9737046957015991,
                "b": 0.015582382678985596,
                "a": 1.0
            },
            "winCount": 2
        },
        {
            "name": "Deli2",
            "color": {
                "r": 0.8573698401451111,
                "g": 0.1110955998301506,
                "b": 0.4656935930252075,
                "a": 1.0
            },
            "winCount": 0
        },
        {
            "name": "Deli3",
            "color": {
                "r": 0.3971746861934662,
                "g": 0.6577274799346924,
                "b": 0.8027043342590332,
                "a": 1.0
            },
            "winCount": 0
        }
    ]
}