{
    "mateDatas": [
        {
            "id": 0,
            "name": "abirdlikefish",
            "color": {
                "r": 0.11194482445716858,
                "g": 0.8033952713012695,
                "b": 0.9395362138748169,
                "a": 1.0
            },
            "winCount": 0
        },
        {
            "id": 1,
            "name": "Deli_",
            "color": {
                "r": 0.5734991431236267,
                "g": 0.2872896194458008,
                "b": 0.7530141472816467,
                "a": 1.0
            },
            "winCount": 0
        },
        {
            "id": 2,
            "name": "ssa",
            "color": {
                "r": 0.8383594751358032,
                "g": 0.22526003420352937,
                "b": 0.2064179629087448,
                "a": 1.0
            },
            "winCount": 0
        },
        {
            "id": 3,
            "name": "qqqq",
            "color": {
                "r": 0.8142834305763245,
                "g": 0.8219311237335205,
                "b": 0.06295420229434967,
                "a": 1.0
            },
            "winCount": 0
        }
    ]
}