{
    "mateDatas": [
        {
            "name": "abirdlikefish",
            "color": {
                "r": 1.0,
                "g": 0.0,
                "b": 0.0,
                "a": 1.0
            },
            "winCount": 0
        },
        {
            "name": "Deli_",
            "color": {
                "r": 0.13880518078804017,
                "g": 0.7034054398536682,
                "b": 0.34635141491889956,
                "a": 1.0
            },
            "winCount": 0
        },
        {
            "name": "玩家2昵称...",
            "color": {
                "r": 0.8544402122497559,
                "g": 0.490252822637558,
                "b": 0.3816620707511902,
                "a": 1.0
            },
            "winCount": 0
        }
    ]
}