{
    "mateDatas": [
        {
            "id": 0,
            "name": "abirdlikefish",
            "color": {
                "r": 1.0,
                "g": 0.0,
                "b": 0.0,
                "a": 1.0
            },
            "winCount": 0
        },
        {
            "id": 1,
            "name": "Deli_",
            "color": {
                "r": 0.5734991431236267,
                "g": 0.2872896194458008,
                "b": 0.7530141472816467,
                "a": 1.0
            },
            "winCount": 0
        },
        {
            "id": 2,
            "name": "ssa",
            "color": {
                "r": 0.8383594751358032,
                "g": 0.22526003420352937,
                "b": 0.2064179629087448,
                "a": 1.0
            },
            "winCount": 0
        }
    ]
}