{
    "mateDatas": [
        {
            "name": "abirdlikefish",
            "color": {
                "r": 0.43072742223739626,
                "g": 0.07146932929754257,
                "b": 0.8576695919036865,
                "a": 1.0
            },
            "winCount": 0
        },
        {
            "name": "Deli_",
            "color": {
                "r": 0.0,
                "g": 0.0,
                "b": 1.0,
                "a": 1.0
            },
            "winCount": 0
        },
        {
            "name": "123",
            "color": {
                "r": 0.8845822215080261,
                "g": 0.4351242184638977,
                "b": 0.7468846440315247,
                "a": 1.0
            },
            "winCount": 0
        },
        {
            "name": "Pec",
            "color": {
                "r": 0.43072742223739626,
                "g": 0.07146932929754257,
                "b": 0.8576695919036865,
                "a": 1.0
            },
            "winCount": 0
        }
    ]
}