{
    "mateDatas": [
        {
            "name": "abirdlikefish",
            "color": {
                "r": 0.8740113377571106,
                "g": 0.8568776845932007,
                "b": 0.3526390492916107,
                "a": 1.0
            },
            "winCount": 0
        },
        {
            "name": "Deli_",
            "color": {
                "r": 0.48128482699394228,
                "g": 0.7914966344833374,
                "b": 0.39239782094955447,
                "a": 1.0
            },
            "winCount": 0
        },
        {
            "name": "123",
            "color": {
                "r": 0.33139169216156008,
                "g": 0.8640168309211731,
                "b": 0.419527530670166,
                "a": 1.0
            },
            "winCount": 0
        }
    ]
}