{
    "mateDatas": [
        {
            "name": "abirdlikefish",
            "color": {
                "r": 0.8668379783630371,
                "g": 0.4557889997959137,
                "b": 0.028608178719878198,
                "a": 1.0
            },
            "winCount": 0
        },
        {
            "name": "Deli_",
            "color": {
                "r": 0.0,
                "g": 0.0,
                "b": 1.0,
                "a": 1.0
            },
            "winCount": 0
        },
        {
            "name": "123",
            "color": {
                "r": 0.33139169216156008,
                "g": 0.8640168309211731,
                "b": 0.419527530670166,
                "a": 1.0
            },
            "winCount": 0
        }
    ]
}